stage	label	s2_threshold	s3_threshold	open_threshold	conflict_policy	conflict_margin	macro_f0_5	precision_diag	recall_diag	tp	fp	fn	predicted_links	predicted_mean	predicted_median	predicted_p95	predicted_p99	predicted_max	true_singletons	predicted_singletons	correct_singletons	singleton_false_merges	singleton_accuracy	s2_precision	s2_recall	s3_precision	s3_recall	blocking_misses	decision_misses
coarse_shared	coarse_shared_001	0.5	0.5		none		0.7453074862734977	0.6155750967288076	0.885983157687668	306264	191261	39413	497525	4.97525	4.0	11.0	22.0	244	5554	3084	2463	3091	0.4434641699675909	0.6592374974961608	0.8865350541135907	0.5796276615238025	0.885466994362365	24066	15347
coarse_shared	coarse_shared_002	0.7	0.7		none		0.8091556979707556	0.7273522043536076	0.8592269662141248	297015	111336	48662	408351	4.08351	4.0	8.0	16.0	182	5554	4490	3370	2184	0.6067698955707598	0.7694224575431	0.8594423426874821	0.6919503945885006	0.8590255345116196	24066	24596
coarse_shared	coarse_shared_003	0.8	0.8		none		0.8332516686132859	0.7831515603337079	0.8448291323981636	292038	80863	53639	372901	3.72901	3.0	8.0	14.0	165	5554	5217	3791	1763	0.6825711199135758	0.8249030650736003	0.8443336366248444	0.747793571393195	0.8452925467890113	24066	29573
coarse_shared	coarse_shared_004	0.85	0.85		none		0.844933665786237	0.8136690424455586	0.8352161121509386	288715	66116	56962	354831	3.54831	3.0	7.0	12.0	148	5554	5721	4046	1508	0.7284839755131437	0.8530187420837183	0.8344986112441337	0.7800702187019989	0.8358871577250155	24066	32896
coarse_shared	coarse_shared_005	0.9	0.9		none		0.855206596793387	0.8482496440663772	0.8204103831033016	283597	50735	62080	334332	3.34332	3.0	7.0	11.0	120	5554	6355	4338	1216	0.7810586964350018	0.8821146601991847	0.818623695048367	0.818968209704406	0.8220813902060788	24066	38014
coarse_shared	coarse_shared_006	0.93	0.93		none		0.8601192083335844	0.8741121055110692	0.8052632949256098	278361	40089	67316	318450	3.1845	3.0	6.0	9.0	102	5554	6893	4533	1021	0.8161685271876126	0.9027479301261798	0.8021441911694283	0.8491097634858921	0.8081804491073278	24066	43250
coarse_shared	coarse_shared_007	0.95	0.95		none		0.8616042805129002	0.8953221072652445	0.7898240264755827	273024	31921	72653	304945	3.04945	3.0	6.0	9.0	87	5554	7535	4684	870	0.8433561397191214	0.9192908695956835	0.7853174983239153	0.8742379881036768	0.7940387748361055	24066	48587
coarse_shared	coarse_shared_008	0.97	0.97		none		0.8591125422599212	0.9215983212380869	0.7622954376484405	263508	22417	82169	285925	2.85925	3.0	6.0	8.0	65	5554	8631	4921	633	0.8860280878646021	0.9391606673565563	0.7551300162819653	0.9060380992585948	0.7689969264532166	24066	58103
coarse_shared	coarse_shared_009	0.98	0.98		none		0.8529319922003488	0.9394935197942839	0.7377349375283864	255018	16424	90659	271442	2.71442	3.0	6.0	7.0	54	5554	9694	5066	488	0.9121353979114152	0.9526731898238747	0.7285221722057275	0.9277760766083011	0.7463512129032981	24066	66593
coarse_shared	coarse_shared_010	0.99	0.99		none		0.8334568396608133	0.961879067966803	0.6900111954223163	238521	9453	107156	247974	2.47974	2.0	5.0	7.0	35	5554	11834	5248	306	0.9449045732805186	0.9699361270959632	0.6790238004022603	0.9546873449699671	0.7002872002732041	24066	83090
coarse_shared	coarse_shared_011	0.995	0.995		none		0.8060058515214873	0.9773364683292812	0.6361082744874551	219888	5099	125789	224987	2.24987	2.0	5.0	6.0	23	5554	14277	5372	182	0.9672308246308966	0.981690035099574	0.6261553012163585	0.9734195705588814	0.645416832287357	24066	101723
fine	fine_001	0.93	0.93		none		0.8601192083335844	0.8741121055110692	0.8052632949256098	278361	40089	67316	318450	3.1845	3.0	6.0	9.0	102	5554	6893	4533	1021	0.8161685271876126	0.9027479301261798	0.8021441911694283	0.8491097634858921	0.8081804491073278	24066	43250
fine	fine_002	0.931	0.931		none		0.8602788287413003	0.8750703910755128	0.8046702557589889	278156	39711	67521	317867	3.17867	3.0	6.0	9.0	102	5554	6915	4539	1015	0.8172488296723083	0.9035138035050309	0.8014617852696102	0.8502298444130127	0.807670990533028	24066	43455
fine	fine_003	0.932	0.932		none		0.8603432517949674	0.875961614219757	0.804065645096434	277947	39358	67730	317305	3.17305	3.0	6.0	9.0	102	5554	6940	4545	1009	0.818329132157004	0.9042121769222451	0.8008093094531176	0.8512810520038027	0.8071111459458854	24066	43664
fine	fine_004	0.933	0.933		none		0.8604907116862688	0.8770439000359992	0.8034581415598955	277737	38937	67940	316674	3.16674	3.0	6.0	9.0	101	5554	6968	4553	1001	0.8197695354699316	0.9050511205904259	0.8001328895699645	0.8525659234010321	0.8065680966963571	24066	43874
fine	fine_005	0.934	0.934		none		0.860562268655453	0.87809871589593	0.8027580660558845	277495	38523	68182	316018	3.16018	3.0	6.0	9.0	101	5554	7000	4559	995	0.8208498379546273	0.90592074465559	0.7993128052868499	0.8537785922275398	0.8059802598798573	24066	44116
fine	fine_006	0.935	0.935		none		0.8606624106995335	0.8791579201045148	0.8020579905518735	277253	38109	68424	315362	3.15362	3.0	6.0	9.0	100	5554	7033	4571	983	0.8230104429240187	0.9068490171021507	0.7986064553203717	0.8549445454869655	0.8052860525918005	24066	44358
fine	fine_007	0.936	0.936		none		0.8607746769159252	0.8802226995970561	0.8013029504421758	276992	37692	68685	314684	3.14684	3.0	6.0	9.0	98	5554	7059	4579	975	0.8244508462369463	0.9077038348886316	0.7976965807872809	0.8561897613686456	0.8046758219918151	24066	44619
fine	fine_008	0.937	0.937		none		0.8609298152827595	0.8812579209150369	0.8006086606861319	276752	37290	68925	314042	3.14042	3.0	6.0	9.0	96	5554	7090	4590	964	0.8264314007922218	0.9085257670051315	0.7969722727708074	0.857401282403372	0.8040096069331154	24066	44859
fine	fine_009	0.938	0.938		none		0.8610656056258651	0.8822716582045399	0.7997812987268461	276466	36891	69211	313357	3.13357	3.0	6.0	9.0	96	5554	7119	4600	954	0.8282319049333814	0.909270540616304	0.7960743702710469	0.8586398400938372	0.8032482182946015	24066	45145
fine	fine_010	0.939	0.939		none		0.8612009727805666	0.8834196311209331	0.7990841160968187	276225	36452	69452	312677	3.12677	3.0	6.0	9.0	95	5554	7155	4606	948	0.8293122074180771	0.910250700577591	0.7952542859879322	0.8599318642563247	0.8026659799239731	24066	45386
fine	fine_011	0.94	0.94		none		0.8612946149596995	0.8844896441643857	0.7983146116172033	275959	36039	69718	311998	3.11998	3.0	6.0	9.0	95	5554	7185	4613	941	0.8305725603168888	0.9110841107381399	0.7944880758548032	0.8611961207544447	0.8018933943937163	24066	45652
fine	fine_012	0.941	0.941		none		0.8613603166197142	0.8855648676691198	0.7975046069018188	275679	35624	69998	311303	3.11303	3.0	6.0	9.0	94	5554	7208	4617	937	0.8312927619733526	0.9119465709235224	0.7936679915716885	0.8624468097930253	0.8010928166341024	24066	45932
fine	fine_013	0.942	0.942		none		0.8614617521951201	0.8866365351309241	0.7967640311620385	275423	35215	70254	310638	3.10638	3.0	6.0	9.0	93	5554	7239	4624	930	0.8325531148721642	0.9126885157805535	0.7929915716885356	0.863787154588467	0.8002922388744884	24066	46188
fine	fine_014	0.943	0.943		none		0.8615323386543503	0.8877184945251353	0.7960003124303903	275159	34803	70518	309962	3.09962	3.0	6.0	9.0	90	5554	7285	4636	918	0.8347137198415556	0.9134522461827319	0.7921295852887654	0.8651374368541558	0.7996204253699173	24066	46452
fine	fine_015	0.944	0.944		none		0.8616070356273822	0.8887947592040509	0.7951758433450881	274874	34392	70803	309266	3.09266	3.0	6.0	9.0	90	5554	7316	4642	912	0.8357940223262513	0.9142572559001743	0.7912077387223446	0.8664432219752997	0.7988870289607605	24066	46737
fine	fine_016	0.945	0.945		none		0.8616417180627514	0.8897338526242118	0.7943687315036869	274595	34031	71082	308626	3.08626	3.0	6.0	9.0	90	5554	7351	4652	902	0.8375945264674108	0.9149848917472903	0.790303850205919	0.8675624033979579	0.798170427889218	24066	47016
fine	fine_017	0.946	0.946		none		0.8616495304480891	0.8908268440160809	0.7935818697801705	274323	33619	71354	307942	3.07942	3.0	6.0	9.0	90	5554	7390	4657	897	0.8384947785379906	0.9158570882955452	0.7894837659228043	0.8688398592142104	0.7974146376965754	24066	47288
fine	fine_018	0.947	0.947		none		0.861592228297542	0.8918568768635825	0.7925953997517914	273982	33222	71695	307204	3.07204	3.0	6.0	9.0	88	5554	7415	4660	894	0.8390349297803384	0.916615628740848	0.7883763528397663	0.8701015166340509	0.796541280140633	24066	47629
fine	fine_019	0.948	0.948		none		0.8615976827575105	0.8929594560202557	0.7917101803128354	273676	32806	72001	306482	3.06482	3.0	6.0	9.0	88	5554	7454	4669	885	0.8406553835073821	0.9175013950892857	0.7873587300067043	0.871390738220473	0.795779891502119	24066	47935
fine	fine_020	0.949	0.949		none		0.8615958304628942	0.8940933266169919	0.7907497461503079	273344	32378	72333	305722	3.05722	3.0	6.0	9.0	88	5554	7492	4676	878	0.8419157364061938	0.918291446747527	0.7863051910736519	0.872815456395188	0.7949065339461765	24066	48267
fine	fine_021	0.95	0.95		none		0.8616059471795668	0.8953250432866362	0.7898240264755827	273024	31920	72653	304944	3.04944	3.0	6.0	9.0	87	5554	7535	4684	870	0.8433561397191214	0.9192973113118303	0.7853174983239153	0.8742379881036768	0.7940387748361055	24066	48587
fine	fine_022	0.951	0.951		none		0.8615279814785187	0.8964362034388664	0.7887970562114344	272669	31501	73008	304170	3.0417	3.0	6.0	9.0	87	5554	7583	4696	858	0.8455167446885128	0.920115745780687	0.7842100852408773	0.8755972284889578	0.7930870390379631	24066	48942
fine	fine_023	0.952	0.952		none		0.8615545952458993	0.8976035073839662	0.7877209070895663	272297	31063	73380	303360	3.0336	3.0	6.0	9.0	87	5554	7627	4707	847	0.8474972992437882	0.9210637488910481	0.7830607700411838	0.8769509216904062	0.7920793187811064	24066	49314
fine	fine_024	0.953	0.953		none		0.8615513323578317	0.8987912462030191	0.7866389722197311	271923	30620	73754	302543	3.02543	3.0	6.0	9.0	85	5554	7674	4719	835	0.8496579042131797	0.9219394093398837	0.7818515946748396	0.8784056790844839	0.791116386091221	24066	49688
fine	fine_025	0.954	0.954		none		0.861577195937911	0.9000493820613862	0.7856206805775333	271571	30158	74106	301729	3.01729	3.0	6.0	9.0	85	5554	7719	4730	824	0.8516384587684551	0.9228423235046455	0.7806783354084857	0.8799685801206922	0.7902430285352786	24066	50040
fine	fine_026	0.955	0.955		none		0.8615392092493928	0.9012358396831146	0.7845705673215169	271208	29721	74469	300929	3.00929	3.0	6.0	9.0	84	5554	7761	4738	816	0.8530788620813828	0.9237207586784129	0.7795469782587875	0.8814169693711041	0.7892688989536505	24066	50403
fine	fine_027	0.956	0.956		none		0.8615471494415603	0.9024701519145093	0.7834886324516818	270834	29269	74843	300103	3.00103	3.0	6.0	8.0	83	5554	7803	4750	804	0.8552394670507742	0.9247620808853863	0.7782779427257925	0.8828216589659518	0.7883619507224794	24066	50777
fine	fine_028	0.957	0.957		none		0.8616097674169916	0.9038988648366783	0.7822736253786049	270414	28750	75263	299164	2.99164	3.0	6.0	8.0	81	5554	7854	4763	791	0.8575801224342816	0.9258744052332342	0.7769251029594867	0.8845222445167094	0.7872758522234228	24066	51197
fine	fine_029	0.958	0.958		none		0.8615371398081035	0.9050295996835549	0.7810267966917093	269983	28331	75694	298314	2.98314	3.0	6.0	8.0	81	5554	7898	4772	782	0.8592005761613252	0.9267312286323258	0.7756081792931712	0.8858864353312302	0.7860945801445519	24066	51628
fine	fine_030	0.959	0.959		none		0.8613893557082181	0.9061714201191389	0.7797944323747313	269557	27911	76120	297468	2.97468	3.0	6.0	8.0	80	5554	7944	4782	772	0.8610010803024847	0.9276126145506174	0.7743690738435016	0.8872476425542687	0.7848685204987096	24066	52054
fine	fine_031	0.96	0.96		none		0.8613422248062119	0.9074937700849427	0.7785302464439346	269120	27433	76557	296553	2.96553	3.0	6.0	8.0	80	5554	7996	4796	758	0.863521786100108	0.928633588170566	0.7729144717938895	0.888832455082217	0.7837824219996529	24066	52491
fine	fine_032	0.961	0.961		none		0.8613106186771793	0.9088753272937626	0.7772255602773688	268669	26937	77008	295606	2.95606	3.0	6.0	8.0	80	5554	8047	4809	745	0.8658624414836155	0.9297571040045015	0.7714897998276027	0.890436787759496	0.7825899530290391	24066	52942
fine	fine_033	0.962	0.962		none		0.8611772678803621	0.9101989695130643	0.7757559802937424	268161	26457	77516	294618	2.94618	3.0	6.0	8.0	80	5554	8092	4820	734	0.8678429960388909	0.9307744088247428	0.7697598410113974	0.8920306018752276	0.7813638933831968	24066	53450
fine	fine_034	0.963	0.963		none		0.8609321138560715	0.9115315192589313	0.7742864003101161	267653	25977	78024	293630	2.9363	3.0	6.0	8.0	79	5554	8153	4827	727	0.8691033489377026	0.9318886573082258	0.7681376304951633	0.8935541175791546	0.7800370617116689	24066	53958
fine	fine_035	0.964	0.964		none		0.8607873287883059	0.9128797586219858	0.7728515348142919	267157	25496	78520	292653	2.92653	3.0	6.0	8.0	77	5554	8207	4838	716	0.871083903492978	0.9329559281035752	0.7665154199789292	0.8951480051480052	0.778777411390598	24066	54454
fine	fine_036	0.965	0.965		none		0.8605271548662852	0.9142484825623264	0.7712517755014073	266604	25006	79073	291610	2.9161	3.0	6.0	8.0	75	5554	8272	4848	706	0.8728844076341375	0.934025442316128	0.7647495450627334	0.8967771103791254	0.77733301235577	24066	55007
fine	fine_037	0.966	0.966		none		0.8601976407609567	0.9156215152057491	0.769597051582836	266032	24516	79645	290548	2.90548	3.0	6.0	8.0	73	5554	8346	4858	696	0.8746849117752971	0.9350505480316347	0.7629357820132171	0.8984517835608978	0.7758270304163564	24066	55579
fine	fine_038	0.967	0.967		none		0.8600206548962476	0.9170599086619178	0.7679567920341822	265465	24009	80212	289474	2.89474	3.0	6.0	8.0	71	5554	8427	4878	676	0.8782859200576162	0.9361274506195107	0.7611639210803562	0.9002024199269726	0.7743098515851999	24066	56146
fine	fine_039	0.968	0.968		none		0.8597694900157438	0.9185852125718804	0.7661834602822867	264852	23474	80825	288326	2.88326	3.0	6.0	8.0	70	5554	8489	4891	663	0.8806265754411235	0.9371814004344036	0.7593561440475051	0.9021298572250406	0.7725687349191864	24066	56759
fine	fine_040	0.969	0.969		none		0.8594623670832972	0.9199991642639255	0.764291520697067	264198	22974	81479	287172	2.87172	3.0	6.0	8.0	68	5554	8550	4905	649	0.8831472812387469	0.9381011353439773	0.7572430801647352	0.9039737925329727	0.7708836027118872	24066	57413
fine	fine_041	0.97	0.97		none		0.8591125422599212	0.9215983212380869	0.7622954376484405	263508	22417	82169	285925	2.85925	3.0	6.0	8.0	65	5554	8631	4921	633	0.8860280878646021	0.9391606673565563	0.7551300162819653	0.9060380992585948	0.7689969264532166	24066	58103
fine	fine_042	0.93	0.93		none		0.8601192083335844	0.8741121055110692	0.8052632949256098	278361	40089	67316	318450	3.1845	3.0	6.0	9.0	102	5554	6893	4533	1021	0.8161685271876126	0.9027479301261798	0.8021441911694283	0.8491097634858921	0.8081804491073278	24066	43250
fine	fine_043	0.93	0.94		none		0.861513527540225	0.8807917143220231	0.8020145974421208	277238	37522	68439	314760	3.1476	3.0	6.0	9.0	99	5554	7043	4578	976	0.8242707958228304	0.9027479301261798	0.8021441911694283	0.8611961207544447	0.8018933943937163	24066	44373
fine	fine_044	0.93	0.95		none		0.8625533799603162	0.8878599432202244	0.7979558952432473	275835	34839	69842	310674	3.10674	3.0	6.0	9.0	96	5554	7213	4617	937	0.8312927619733526	0.9027479301261798	0.8021441911694283	0.8742379881036768	0.7940387748361055	24066	45776
fine	fine_045	0.93	0.96		none		0.8635706826569104	0.8955839045069603	0.7926561501054452	274003	31946	71674	305949	3.05949	3.0	6.0	9.0	93	5554	7433	4687	867	0.8438962909614692	0.9027479301261798	0.8021441911694283	0.888832455082217	0.7837824219996529	24066	47608
fine	fine_046	0.93	0.97		none		0.8637094957731223	0.9044103678472752	0.7850160699149784	271362	28681	74315	300043	3.00043	3.0	6.0	9.0	85	5554	7724	4759	795	0.8568599207778178	0.9027479301261798	0.8021441911694283	0.9060380992585948	0.7689969264532166	24066	50249
fine	fine_047	0.94	0.93		none		0.8598691403977912	0.8777083702896531	0.8015633091006923	277082	38606	68595	315688	3.15688	3.0	6.0	9.0	98	5554	7030	4566	988	0.822110190853439	0.9110841107381399	0.7944880758548032	0.8491097634858921	0.8081804491073278	24066	44529
fine	fine_048	0.94	0.94		none		0.8612946149596995	0.8844896441643857	0.7983146116172033	275959	36039	69718	311998	3.11998	3.0	6.0	9.0	95	5554	7185	4613	941	0.8305725603168888	0.9110841107381399	0.7944880758548032	0.8611961207544447	0.8018933943937163	24066	45652
fine	fine_049	0.94	0.95		none		0.8623553526921829	0.8916703473719764	0.7942559094183298	274556	33356	71121	307912	3.07912	3.0	6.0	9.0	92	5554	7362	4654	900	0.8379546272956427	0.9110841107381399	0.7944880758548032	0.8742379881036768	0.7940387748361055	24066	47055
fine	fine_050	0.94	0.96		none		0.8633563170182317	0.8995240561105852	0.7889561642805277	272724	30463	72953	303187	3.03187	3.0	6.0	9.0	89	5554	7586	4724	830	0.8505581562837594	0.9110841107381399	0.7944880758548032	0.888832455082217	0.7837824219996529	24066	48887
fine	fine_051	0.94	0.97		none		0.863493281980421	0.9085108029103777	0.7813160840900609	270083	27198	75594	297281	2.97281	3.0	6.0	8.0	81	5554	7890	4798	756	0.8638818869283399	0.9110841107381399	0.7944880758548032	0.9060380992585948	0.7689969264532166	24066	51528
fine	fine_052	0.95	0.93		none		0.8591762502173871	0.881136860012599	0.7971314261579452	275550	37171	70127	312721	3.12721	3.0	6.0	9.0	93	5554	7187	4596	958	0.8275117032769176	0.9192908695956835	0.7853174983239153	0.8491097634858921	0.8081804491073278	24066	46061
fine	fine_053	0.95	0.94		none		0.8605854903721533	0.8880241788040683	0.7938827286744562	274427	34604	71250	309031	3.09031	3.0	6.0	9.0	90	5554	7349	4643	911	0.8359740727403673	0.9192908695956835	0.7853174983239153	0.8611961207544447	0.8018933943937163	24066	47184
fine	fine_054	0.95	0.95		none		0.8616042805129002	0.8953221072652445	0.7898240264755827	273024	31921	72653	304945	3.04945	3.0	6.0	9.0	87	5554	7535	4684	870	0.8433561397191214	0.9192908695956835	0.7853174983239153	0.8742379881036768	0.7940387748361055	24066	48587
fine	fine_055	0.95	0.96		none		0.8626114325411699	0.9033109053360868	0.7845242813377806	271192	29028	74485	300220	3.0022	3.0	6.0	8.0	84	5554	7765	4756	798	0.85631976953547	0.9192908695956835	0.7853174983239153	0.888832455082217	0.7837824219996529	24066	50419
fine	fine_056	0.95	0.97		none		0.8627231063823902	0.9124642388741276	0.7768842011473138	268551	25763	77126	294314	2.94314	3.0	6.0	8.0	76	5554	8083	4832	722	0.8700036010082823	0.9192908695956835	0.7853174983239153	0.9060380992585948	0.7689969264532166	24066	53060
fine	fine_057	0.96	0.93		none		0.8579483402823468	0.8848874306755454	0.7911373912640991	273478	35576	72199	309054	3.09054	3.0	6.0	9.0	92	5554	7386	4633	921	0.8341735685992078	0.928633588170566	0.7729144717938895	0.8491097634858921	0.8081804491073278	24066	48133
fine	fine_058	0.96	0.94		none		0.8593599899464044	0.8919027783235745	0.7878886937806102	272355	33009	73322	305364	3.05364	3.0	6.0	9.0	89	5554	7556	4681	873	0.8428159884767735	0.928633588170566	0.7729144717938895	0.8611961207544447	0.8018933943937163	24066	49256
fine	fine_059	0.96	0.95		none		0.8603344074595047	0.8993421358346776	0.7838299915817367	270952	30326	74725	301278	3.01278	3.0	6.0	9.0	83	5554	7754	4722	832	0.8501980554555275	0.928633588170566	0.7729144717938895	0.8742379881036768	0.7940387748361055	24066	50659
fine	fine_060	0.96	0.96		none		0.8613422248062119	0.9074937700849427	0.7785302464439346	269120	27433	76557	296553	2.96553	3.0	6.0	8.0	80	5554	7996	4796	758	0.863521786100108	0.928633588170566	0.7729144717938895	0.888832455082217	0.7837824219996529	24066	52491
fine	fine_061	0.96	0.97		none		0.8613931604797499	0.9168475848709947	0.7708901662534678	266479	24168	79198	290647	2.90647	3.0	6.0	8.0	74	5554	8330	4872	682	0.8772056175729204	0.928633588170566	0.7729144717938895	0.9060380992585948	0.7689969264532166	24066	55132
fine	fine_062	0.97	0.93		none		0.8557671067940928	0.8888549347423209	0.7825426626590719	270507	33825	75170	304332	3.04332	3.0	6.0	9.0	82	5554	7636	4676	878	0.8419157364061938	0.9391606673565563	0.7551300162819653	0.8491097634858921	0.8081804491073278	24066	51104
fine	fine_063	0.97	0.94		none		0.8572106184370647	0.8960291642551607	0.779293965175583	269384	31258	76293	300642	3.00642	3.0	6.0	9.0	79	5554	7812	4727	827	0.8510983075261073	0.9391606673565563	0.7551300162819653	0.8611961207544447	0.8018933943937163	24066	52227
fine	fine_064	0.97	0.95		none		0.8581393329478462	0.903643831181969	0.7752352629767094	267981	28575	77696	296556	2.96556	3.0	6.0	8.0	76	5554	8020	4768	786	0.8584803745048614	0.9391606673565563	0.7551300162819653	0.8742379881036768	0.7940387748361055	24066	53630
fine	fine_065	0.97	0.96		none		0.8590893632125812	0.9119970119692562	0.7699355178389075	266149	25682	79528	291831	2.91831	3.0	6.0	8.0	73	5554	8278	4842	712	0.8718041051494418	0.9391606673565563	0.7551300162819653	0.888832455082217	0.7837824219996529	24066	55462
fine	fine_066	0.97	0.97		none		0.8591125422599212	0.9215983212380869	0.7622954376484405	263508	22417	82169	285925	2.85925	3.0	6.0	8.0	65	5554	8631	4921	633	0.8860280878646021	0.9391606673565563	0.7551300162819653	0.9060380992585948	0.7689969264532166	24066	58103
open	open_001	0.93	0.97	0.5	none		0.8637094957731223	0.9044103678472752	0.7850160699149784	271362	28681	74315	300043	3.00043	3.0	6.0	9.0	85	5554	7724	4759	795	0.8568599207778178	0.9027479301261798	0.8021441911694283	0.9060380992585948	0.7689969264532166	24066	50249
open	open_002	0.93	0.97	0.7	none		0.8637094957731223	0.9044103678472752	0.7850160699149784	271362	28681	74315	300043	3.00043	3.0	6.0	9.0	85	5554	7724	4759	795	0.8568599207778178	0.9027479301261798	0.8021441911694283	0.9060380992585948	0.7689969264532166	24066	50249
open	open_003	0.93	0.97	0.8	none		0.8637094957731223	0.9044103678472752	0.7850160699149784	271362	28681	74315	300043	3.00043	3.0	6.0	9.0	85	5554	7724	4759	795	0.8568599207778178	0.9027479301261798	0.8021441911694283	0.9060380992585948	0.7689969264532166	24066	50249
open	open_004	0.93	0.97	0.85	none		0.8637094957731223	0.9044103678472752	0.7850160699149784	271362	28681	74315	300043	3.00043	3.0	6.0	9.0	85	5554	7724	4759	795	0.8568599207778178	0.9027479301261798	0.8021441911694283	0.9060380992585948	0.7689969264532166	24066	50249
open	open_005	0.93	0.97	0.9	none		0.8637094957731223	0.9044103678472752	0.7850160699149784	271362	28681	74315	300043	3.00043	3.0	6.0	9.0	85	5554	7724	4759	795	0.8568599207778178	0.9027479301261798	0.8021441911694283	0.9060380992585948	0.7689969264532166	24066	50249
open	open_006	0.93	0.97	0.93	none		0.8637094957731223	0.9044103678472752	0.7850160699149784	271362	28681	74315	300043	3.00043	3.0	6.0	9.0	85	5554	7724	4759	795	0.8568599207778178	0.9027479301261798	0.8021441911694283	0.9060380992585948	0.7689969264532166	24066	50249
open	open_007	0.93	0.97	0.95	none		0.8625589373038138	0.9046576731987761	0.784330458780885	271125	28574	74552	299699	2.99699	3.0	6.0	9.0	85	5554	8046	4826	728	0.8689232985235866	0.9032445389783584	0.8007255052198066	0.9060380992585948	0.7689969264532166	24066	50486
open	open_008	0.93	0.97	0.97	none		0.8601275750631134	0.9050741916173672	0.7829216291509126	270638	28385	75039	299023	2.99023	3.0	6.0	9.0	85	5554	8631	4921	633	0.8860280878646021	0.9040829201120616	0.7978103151039172	0.9060380992585948	0.7689969264532166	24066	50973
open	open_009	0.93	0.97	0.98	none		0.8550718211582299	0.9059649830292033	0.7798841114682203	269588	27982	76089	297570	2.9757	3.0	6.0	9.0	85	5554	9694	5066	488	0.9121353979114152	0.9048580648242269	0.7939553203716119	0.907039585665181	0.7667239574294176	24066	52023
open	open_010	0.93	0.97	0.99	none		0.8422665611886213	0.9075850013943018	0.7720473158468744	266879	27175	78798	294054	2.94054	3.0	6.0	9.0	85	5554	11834	5248	306	0.9449045732805186	0.9060439788260335	0.7848266449573795	0.909078126255457	0.7600953975176491	24066	54732
conflict	conflict_001	0.93	0.97		none		0.8637094957731223	0.9044103678472752	0.7850160699149784	271362	28681	74315	300043	3.00043	3.0	6.0	9.0	85	5554	7724	4759	795	0.8568599207778178	0.9027479301261798	0.8021441911694283	0.9060380992585948	0.7689969264532166	24066	50249
conflict	conflict_002	0.93	0.97		highest		0.8676284617025911	0.9201429991147351	0.7847875328702807	271283	23544	74394	294827	2.94827	3.0	6.0	8.0	54	5554	7802	4803	751	0.8647821389989196	0.9222650602409639	0.8018808064361651	0.9180823254912186	0.7688009808477166	24066	50328
conflict	conflict_003	0.93	0.97		margin	0.01	0.8649734977769183	0.9091414709981773	0.7849697839312422	271346	27118	74331	298464	2.98464	3.0	6.0	8.0	80	5554	7749	4772	782	0.8592005761613252	0.9092500729501022	0.8020544009194521	0.9090355585263032	0.7689913280073452	24066	50265
conflict	conflict_004	0.93	0.97		margin	0.02	0.8643773408931297	0.9065918278707694	0.7849871411751432	271352	27958	74325	299310	2.9931	3.0	6.0	8.0	83	5554	7740	4770	784	0.8588404753330933	0.9061785670810057	0.8020843310027775	0.9069953250046222	0.7689969264532166	24066	50259
conflict	conflict_005	0.93	0.97		margin	0.05	0.8638157698289112	0.9046814156931776	0.7850131770409949	271361	28591	74316	299952	2.99952	3.0	6.0	9.0	85	5554	7726	4761	793	0.8572200216060497	0.9032949551055626	0.8021382051527631	0.9060380992585948	0.7689969264532166	24066	50250
