category	source1_entity_id	target_id	target_source	source1_name	target_name	source1_address	target_address	score	components	routes
false_positive	S1-121998849	S2-297889823	S2	Primary Care Center	PRIMARY  CARE CENTER	9676 25, Twelve Mile, IN	LONE JUNIPER DRIVE, CROSBY, TX	97.0000	"{""address_jaccard"": 0.0, ""address_ratio"": 0.28, ""basic_ratio"": 1.0, ""core_ratio"": 1.0, ""exact_basic"": true, ""exact_core"": true, ""multiple_routes"": true, ""number_conflict"": false, ""number_shared"": false, ""postal_conflict"": false, ""postal_shared"": false, ""strong_address_route"": false, ""token_jaccard"": 1.0, ""token_set_ratio"": 1.0}"	exact_name,core_name
false_positive	S1-924869151	S3-447161553	S3	Obsidian LLC	Obsidian-LLC	322 E, Cross Plains, TX	Timberview Road, Nixa, Missouri	95.0000	"{""address_jaccard"": 0.0, ""address_ratio"": 0.31999999999999995, ""basic_ratio"": 1.0, ""core_ratio"": 1.0, ""exact_basic"": true, ""exact_core"": true, ""multiple_routes"": false, ""number_conflict"": false, ""number_shared"": false, ""postal_conflict"": false, ""postal_shared"": false, ""strong_address_route"": false, ""token_jaccard"": 1.0, ""token_set_ratio"": 1.0}"	exact_name
false_positive	S1-679762380	S3-417846866	S3	Dental Group	Dental Group	CT, Plymouth, 7 Scott Road	Vermont St, Waterloo, Iowa	97.0000	"{""address_jaccard"": 0.0, ""address_ratio"": 0.41666666666666663, ""basic_ratio"": 1.0, ""core_ratio"": 1.0, ""exact_basic"": true, ""exact_core"": true, ""multiple_routes"": true, ""number_conflict"": false, ""number_shared"": false, ""postal_conflict"": false, ""postal_shared"": false, ""strong_address_route"": false, ""token_jaccard"": 1.0, ""token_set_ratio"": 1.0}"	exact_name,core_name
false_positive	S1-180460208	S2-249180203	S2	Vision Partners	Vision Partners	38 Main Street, Unit E, Gardner, MA	JUNE AVE, VINEYARD HAVVEN CITY, MA	97.0000	"{""address_jaccard"": 0.08333333333333333, ""address_ratio"": 0.40625, ""basic_ratio"": 1.0, ""core_ratio"": 1.0, ""exact_basic"": true, ""exact_core"": true, ""multiple_routes"": true, ""number_conflict"": false, ""number_shared"": false, ""postal_conflict"": false, ""postal_shared"": false, ""strong_address_route"": false, ""token_jaccard"": 1.0, ""token_set_ratio"": 1.0}"	exact_name,core_name
false_positive	S1-185579372	S3-171588102	S3	Anvil	Anvil	555 Elmira Road, Unit APT 7, Vacaville, CA	San Esteban St, Mission, Texas	95.0000	"{""address_jaccard"": 0.0, ""address_ratio"": 0.29850746268656714, ""basic_ratio"": 1.0, ""core_ratio"": 1.0, ""exact_basic"": true, ""exact_core"": true, ""multiple_routes"": false, ""number_conflict"": false, ""number_shared"": false, ""postal_conflict"": false, ""postal_shared"": false, ""strong_address_route"": false, ""token_jaccard"": 1.0, ""token_set_ratio"": 1.0}"	exact_name
false_positive	S1-679507164	S3-681614513	S3	Division of Veterans Affairs	... Division of  Veterans Affairs	6 Larkin Lane, Salem, MA	21978 Springwood Ct, Maryland, Lexington Park	97.0000	"{""address_jaccard"": 0.0, ""address_ratio"": 0.4, ""basic_ratio"": 1.0, ""core_ratio"": 1.0, ""exact_basic"": true, ""exact_core"": true, ""multiple_routes"": true, ""number_conflict"": false, ""number_shared"": false, ""postal_conflict"": false, ""postal_shared"": false, ""strong_address_route"": false, ""token_jaccard"": 1.0, ""token_set_ratio"": 1.0}"	exact_name,core_name
false_positive	S1-549283458	S3-68438515	S3	Chiropractic Associates	Chiropractic Associates	1438 119th Street, Whiting, IN	Ross Avenue, NULL, Cincinnati, Ohio	97.0000	"{""address_jaccard"": 0.0, ""address_ratio"": 0.30000000000000004, ""basic_ratio"": 1.0, ""core_ratio"": 1.0, ""exact_basic"": true, ""exact_core"": true, ""multiple_routes"": true, ""number_conflict"": false, ""number_shared"": false, ""postal_conflict"": false, ""postal_shared"": false, ""strong_address_route"": false, ""token_jaccard"": 1.0, ""token_set_ratio"": 1.0}"	exact_name,core_name
false_positive	S1-239709561	S3-500337137	S3	Continental Program	Continental Program	7330 119th Street, Bixby, OK	Harding Terrace, Dedham, Massachusetts	97.0000	"{""address_jaccard"": 0.0, ""address_ratio"": 0.22580645161290325, ""basic_ratio"": 1.0, ""core_ratio"": 1.0, ""exact_basic"": true, ""exact_core"": true, ""multiple_routes"": true, ""number_conflict"": false, ""number_shared"": false, ""postal_conflict"": false, ""postal_shared"": false, ""strong_address_route"": false, ""token_jaccard"": 1.0, ""token_set_ratio"": 1.0}"	exact_name,core_name
false_positive	S1-426390319	S2-981838151	S2	Memorial Center	Memorial Center	2174 Sunshine Place, Bldg 28, Columbus, OH	13754 Shortcut Rd, MOUNDS CDP, OK	97.0000	"{""address_jaccard"": 0.0, ""address_ratio"": 0.4285714285714286, ""basic_ratio"": 1.0, ""core_ratio"": 1.0, ""exact_basic"": true, ""exact_core"": true, ""multiple_routes"": true, ""number_conflict"": false, ""number_shared"": false, ""postal_conflict"": false, ""postal_shared"": false, ""strong_address_route"": false, ""token_jaccard"": 1.0, ""token_set_ratio"": 1.0}"	exact_name,core_name
false_positive	S1-827673149	S3-911035106	S3	Internal Medicine Care	Internal Medicine Care	WA, Spokane, 1432 Sharpsburg Avenue	04403 Cimmaron Drive, Memphis, Tennessee	97.0000	"{""address_jaccard"": 0.0, ""address_ratio"": 0.3098591549295775, ""basic_ratio"": 1.0, ""core_ratio"": 1.0, ""exact_basic"": true, ""exact_core"": true, ""multiple_routes"": true, ""number_conflict"": false, ""number_shared"": false, ""postal_conflict"": false, ""postal_shared"": false, ""strong_address_route"": false, ""token_jaccard"": 1.0, ""token_set_ratio"": 1.0}"	exact_name,core_name
false_positive	S1-618615576	S3-895607253	S3	Perfect Consulting	Perfect Consulting	C/O Narayanrao Krishnaji Pawar At Post Chindhavli, Wai, Satara, Maharashtra	C/o. Chandra Deo Mehta, Saharsa, Supaul, BR	97.0000	"{""address_jaccard"": 0.11764705882352941, ""address_ratio"": 0.4144144144144144, ""basic_ratio"": 1.0, ""core_ratio"": 1.0, ""exact_basic"": true, ""exact_core"": true, ""multiple_routes"": true, ""number_conflict"": false, ""number_shared"": false, ""postal_conflict"": false, ""postal_shared"": false, ""strong_address_route"": false, ""token_jaccard"": 1.0, ""token_set_ratio"": 1.0}"	exact_name,core_name
false_positive	S1-334463092	S3-648873148	S3	Office of Labor	Office of Labor	43616 Kingston Lyons Drive, Stayton, OR	Alabama, 7831 Martin Luther King Dr, Leeds	97.0000	"{""address_jaccard"": 0.08333333333333333, ""address_ratio"": 0.33766233766233766, ""basic_ratio"": 1.0, ""core_ratio"": 1.0, ""exact_basic"": true, ""exact_core"": true, ""multiple_routes"": true, ""number_conflict"": false, ""number_shared"": false, ""postal_conflict"": false, ""postal_shared"": false, ""strong_address_route"": false, ""token_jaccard"": 1.0, ""token_set_ratio"": 1.0}"	exact_name,core_name
false_positive	S1-254946018	S3-960232338	S3	United Group	united group	11731 Cornell Street, Adelanto, CA	8212 Mountain Lake Court, Fort Worth, Texas	97.0000	"{""address_jaccard"": 0.0, ""address_ratio"": 0.3561643835616438, ""basic_ratio"": 1.0, ""core_ratio"": 1.0, ""exact_basic"": true, ""exact_core"": true, ""multiple_routes"": true, ""number_conflict"": false, ""number_shared"": false, ""postal_conflict"": false, ""postal_shared"": false, ""strong_address_route"": false, ""token_jaccard"": 1.0, ""token_set_ratio"": 1.0}"	exact_name,core_name
false_positive	S1-953918424	S3-205607843	S3	Primary Care Medicine	Primary-Care Medicine	Spring Lake Park, MN, 512 78th Avenue	Indiana, Mcdonald Ave, New Albany	97.0000	"{""address_jaccard"": 0.09090909090909091, ""address_ratio"": 0.3939393939393939, ""basic_ratio"": 1.0, ""core_ratio"": 1.0, ""exact_basic"": true, ""exact_core"": true, ""multiple_routes"": true, ""number_conflict"": false, ""number_shared"": false, ""postal_conflict"": false, ""postal_shared"": false, ""strong_address_route"": false, ""token_jaccard"": 1.0, ""token_set_ratio"": 1.0}"	exact_name,core_name
false_positive	S1-7228712	S2-905227480	S2	Urgent Care Group	URGENT  CARE GROUP	601 Camp Circle, Birmingham, AL	MYRTLE AVENUE, <NULL>, HARVEY, IL	97.0000	"{""address_jaccard"": 0.0, ""address_ratio"": 0.3508771929824561, ""basic_ratio"": 1.0, ""core_ratio"": 1.0, ""exact_basic"": true, ""exact_core"": true, ""multiple_routes"": true, ""number_conflict"": false, ""number_shared"": false, ""postal_conflict"": false, ""postal_shared"": false, ""strong_address_route"": false, ""token_jaccard"": 1.0, ""token_set_ratio"": 1.0}"	exact_name,core_name
false_positive	S1-393590647	S2-258480353	S2	Vision Impex Private Limited	VISION IMPEX  PRIVATE-LIMITED	A-166, Alpha 1St, Greater Noida, Goutam Budh Nagar, Noida, Gautam Buddha Nagar, Uttar Pradesh	BLDG NO-4, FLAT NO-1601 SNO-7/1 TO 7/5, 8/1/1/2 F RESIDENCES, WADGAONSHER, Maharashtra	100.0000	"{""address_jaccard"": 0.0, ""address_ratio"": 0.3313609467455622, ""basic_ratio"": 1.0, ""core_ratio"": 1.0, ""exact_basic"": true, ""exact_core"": true, ""multiple_routes"": true, ""number_conflict"": false, ""number_shared"": true, ""postal_conflict"": false, ""postal_shared"": false, ""strong_address_route"": false, ""token_jaccard"": 1.0, ""token_set_ratio"": 1.0}"	exact_name,core_name
false_positive	S1-86986920	S3-648106897	S3	United Agro Private Limited	United Agro Private (Limited)	8Th Floor, Master Mind 5, Royals Palms Estate, Survey No.169, Arrey Milk Colony, Goregaon, Mumbai, 810, Maharashtra, (E)	8, Labedaho, Labedaho, Anchal-ramgarh Distt-kaimur(bhabua), Kaimur, BR	100.0000	"{""address_jaccard"": 0.0, ""address_ratio"": 0.34682080924855496, ""basic_ratio"": 1.0, ""core_ratio"": 1.0, ""exact_basic"": true, ""exact_core"": true, ""multiple_routes"": true, ""number_conflict"": false, ""number_shared"": true, ""postal_conflict"": false, ""postal_shared"": false, ""strong_address_route"": false, ""token_jaccard"": 1.0, ""token_set_ratio"": 1.0}"	exact_name,core_name
false_positive	S1-153115302	S2-558607633	S2	Obsidian Inc	Obsidian [Inc.]	1912 Morningmist Drive, Silver Spring, MD	MD, 22984 FOXGLOVE WAY, CALIFORNIA	95.0000	"{""address_jaccard"": 0.1, ""address_ratio"": 0.2816901408450704, ""basic_ratio"": 1.0, ""core_ratio"": 1.0, ""exact_basic"": true, ""exact_core"": true, ""multiple_routes"": false, ""number_conflict"": false, ""number_shared"": false, ""postal_conflict"": false, ""postal_shared"": false, ""strong_address_route"": false, ""token_jaccard"": 1.0, ""token_set_ratio"": 1.0}"	exact_name
false_positive	S1-320727446	S2-228721654	S2	Housing Center	HOUSING CENTER	110 High Rocks Road, East Brookfield, MA	37117 ELAINE PLACE, LOUDOUN COUNTY, VA	97.0000	"{""address_jaccard"": 0.0, ""address_ratio"": 0.3513513513513513, ""basic_ratio"": 1.0, ""core_ratio"": 1.0, ""exact_basic"": true, ""exact_core"": true, ""multiple_routes"": true, ""number_conflict"": false, ""number_shared"": false, ""postal_conflict"": false, ""postal_shared"": false, ""strong_address_route"": false, ""token_jaccard"": 1.0, ""token_set_ratio"": 1.0}"	exact_name,core_name
false_positive	S1-560518722	S2-211010058	S2	Orthopedic Medicine	Orthopedic Medicine Inc	1206 Robert Rose Drive, Unit 2G, Murfreesboro, TN	906 1/2 Johnson Farm Road, FAYETTEVILLE, NC	90.5714	"{""address_jaccard"": 0.0, ""address_ratio"": 0.3448275862068966, ""basic_ratio"": 0.9047619047619048, ""core_ratio"": 1.0, ""exact_basic"": false, ""exact_core"": true, ""multiple_routes"": false, ""number_conflict"": false, ""number_shared"": true, ""postal_conflict"": false, ""postal_shared"": false, ""strong_address_route"": false, ""token_jaccard"": 1.0, ""token_set_ratio"": 1.0}"	core_name
model_miss	S1-482242731	S2-824399481	S2	Davis & Cook Capital LLC	daviscookcapital.com	4716 Belleville Circle, Unit 7, South Bend, IN	4716 BELEVILLE CIRCLE, SOUTH BEND, IN	55.1320	"{""address_jaccard"": 0.5555555555555556, ""address_ratio"": 0.8974358974358975, ""basic_ratio"": 0.782608695652174, ""core_ratio"": 0.7619047619047619, ""exact_basic"": false, ""exact_core"": false, ""multiple_routes"": false, ""number_conflict"": false, ""number_shared"": true, ""postal_conflict"": false, ""postal_shared"": false, ""strong_address_route"": true, ""token_jaccard"": 0.0, ""token_set_ratio"": 0.42857142857142855}"	strong_address_route
model_miss	S1-91136388	S2-590337027	S2	Green Brothers Pvt Ltd	Green 8rfihers Pvt Ltd	No. 5/35, 16Th Main, Magadi Cord Road, Mc Layout Vijaynagar, Bangalore, Karnataka	#5/35 , 16TH MAIN, MAGADI CORD ROAD, MC LAYOUT VIJAYNAGAR, BANGALORE, Karnataka	68.0081	"{""address_jaccard"": 0.9230769230769231, ""address_ratio"": 0.9795918367346939, ""basic_ratio"": 0.8636363636363636, ""core_ratio"": 0.7857142857142857, ""exact_basic"": false, ""exact_core"": false, ""multiple_routes"": false, ""number_conflict"": false, ""number_shared"": true, ""postal_conflict"": false, ""postal_shared"": false, ""strong_address_route"": false, ""token_jaccard"": 0.3333333333333333, ""token_set_ratio"": 0.7857142857142857}"	address_numeric_route
model_miss	S1-55993671	S3-296400023	S3	Suki Margo Pacific Inc	smpacific.com	2722 Woodthrush Ct, Hiawatha, IA	2722- Woodthrush Ct, Hiawatha, Iowa	78.0000	"{""address_jaccard"": 0.6666666666666666, ""address_ratio"": 0.967741935483871, ""basic_ratio"": 0.6285714285714286, ""core_ratio"": 0.5806451612903225, ""exact_basic"": false, ""exact_core"": false, ""multiple_routes"": false, ""number_conflict"": false, ""number_shared"": true, ""postal_conflict"": false, ""postal_shared"": false, ""strong_address_route"": true, ""token_jaccard"": 0.0, ""token_set_ratio"": 0.5806451612903225}"	strong_address_route
model_miss	S1-452105752	S3-997314014	S3	Lorette Anderson Enterprise PLLC	Lorette Anderson PLLC Enterprise	4421 Calle Mapache, Camarillo, CA	4421. Calle Mapache, Camarillo, California	81.7969	"{""address_jaccard"": 0.6666666666666666, ""address_ratio"": 0.8857142857142857, ""basic_ratio"": 0.84375, ""core_ratio"": 0.84375, ""exact_basic"": false, ""exact_core"": false, ""multiple_routes"": true, ""number_conflict"": false, ""number_shared"": true, ""postal_conflict"": false, ""postal_shared"": false, ""strong_address_route"": true, ""token_jaccard"": 1.0, ""token_set_ratio"": 1.0}"	rare_name_token,address_numeric_route,strong_address_route
model_miss	S1-427759910	S2-729018369	S2	Wray Cornerstone Interiors Corp	Wray Comerstone Interiors	IL, 637 Carriage Way, South Elgin	SOTH ELGIN, IL, 637 CARRIAGE WAY	74.3645	"{""address_jaccard"": 0.7142857142857143, ""address_ratio"": 0.6229508196721312, ""basic_ratio"": 0.8571428571428572, ""core_ratio"": 0.9411764705882352, ""exact_basic"": false, ""exact_core"": false, ""multiple_routes"": true, ""number_conflict"": false, ""number_shared"": true, ""postal_conflict"": false, ""postal_shared"": false, ""strong_address_route"": true, ""token_jaccard"": 0.5, ""token_set_ratio"": 0.9411764705882354}"	rare_name_token,address_numeric_route,strong_address_route
model_miss	S1-691529017	S2-243406576	S2	Elite Consumer International	ELITE CONSUMER-INTERNATIONAL	310 Main Street, Unit Unit 1, Freeport, NY	MAIN STREET, PMB 3044, FREEPORT, NY	87.0000	"{""address_jaccard"": 0.4444444444444444, ""address_ratio"": 0.704225352112676, ""basic_ratio"": 1.0, ""core_ratio"": 1.0, ""exact_basic"": true, ""exact_core"": true, ""multiple_routes"": true, ""number_conflict"": true, ""number_shared"": false, ""postal_conflict"": false, ""postal_shared"": false, ""strong_address_route"": false, ""token_jaccard"": 1.0, ""token_set_ratio"": 1.0}"	exact_name,core_name
model_miss	S1-382023507	S2-183785806	S2	Randy Diggs Realty LLC	... Randy Dtgges Realty LLC	Monroe, CT, 65 Turkey Roost Road	65 TURKEY ROOST RD, MONROE, CT	74.4223	"{""address_jaccard"": 1.0, ""address_ratio"": 0.6206896551724138, ""basic_ratio"": 0.9333333333333332, ""core_ratio"": 0.9189189189189189, ""exact_basic"": false, ""exact_core"": false, ""multiple_routes"": true, ""number_conflict"": false, ""number_shared"": true, ""postal_conflict"": false, ""postal_shared"": false, ""strong_address_route"": false, ""token_jaccard"": 0.5, ""token_set_ratio"": 0.9189189189189189}"	rare_name_token,address_numeric_route
model_miss	S1-310089555	S2-843904283	S2	All Technical Dynamics Care	All Technical Dynamics	7153 57th Avenue, Unit A, Glendale, AZ	7153 57TH AVE, GLENDALE, AZ	81.8304	"{""address_jaccard"": 0.7142857142857143, ""address_ratio"": 0.8333333333333335, ""basic_ratio"": 0.8979591836734694, ""core_ratio"": 0.8979591836734694, ""exact_basic"": false, ""exact_core"": false, ""multiple_routes"": true, ""number_conflict"": false, ""number_shared"": true, ""postal_conflict"": false, ""postal_shared"": false, ""strong_address_route"": true, ""token_jaccard"": 0.75, ""token_set_ratio"": 1.0}"	address_numeric_route,strong_address_route
model_miss	S1-929576524	S3-136104140	S3	M D & T Productions Inc	M D & T Productions ínc	1415 Kinderhook Road, NY, Sullivan	Sullivan, New York, 1415 Kinderhook Rd	76.2641	"{""address_jaccard"": 0.5714285714285714, ""address_ratio"": 0.5294117647058824, ""basic_ratio"": 0.96, ""core_ratio"": 0.9130434782608696, ""exact_basic"": false, ""exact_core"": false, ""multiple_routes"": true, ""number_conflict"": false, ""number_shared"": true, ""postal_conflict"": false, ""postal_shared"": false, ""strong_address_route"": true, ""token_jaccard"": 0.8333333333333334, ""token_set_ratio"": 1.0}"	address_numeric_route,strong_address_route
model_miss	S1-937962007	S2-288253685	S2	Etta Tran Choice Staffing LLC	Etta Tnda Choice Staffing LLC	305 Roosevelt Avenue, Unit 4, Columbus, OH	305 ROOSEVELT AVENUE, COLUMBUS, OH	80.5655	"{""address_jaccard"": 0.7142857142857143, ""address_ratio"": 0.9014084507042255, ""basic_ratio"": 0.9310344827586207, ""core_ratio"": 0.92, ""exact_basic"": false, ""exact_core"": false, ""multiple_routes"": true, ""number_conflict"": false, ""number_shared"": true, ""postal_conflict"": false, ""postal_shared"": false, ""strong_address_route"": false, ""token_jaccard"": 0.6, ""token_set_ratio"": 0.92}"	rare_name_token,address_numeric_route
model_miss	S1-928772319	S3-690247240	S3	Goodner's Advanced Systems	Goodner's Advanced Center	610 Main Street, Unit 514, Laurel, MD	610A Main Street, Unit 514, Laurel, Maryland	69.8114	"{""address_jaccard"": 0.5555555555555556, ""address_ratio"": 0.9066666666666666, ""basic_ratio"": 0.8163265306122449, ""core_ratio"": 0.8163265306122449, ""exact_basic"": false, ""exact_core"": false, ""multiple_routes"": true, ""number_conflict"": false, ""number_shared"": true, ""postal_conflict"": false, ""postal_shared"": false, ""strong_address_route"": false, ""token_jaccard"": 0.5, ""token_set_ratio"": 0.8292682926829268}"	rare_name_token,address_numeric_route
model_miss	S1-667457874	S3-519259207	S3	Domeniga Cottman Connection LLC	Domeniga Cottman LLC Center	320 Boltons Mill Parkway, York County, VA	320 Boltons Mill Parkway, York County, Virginia	66.3726	"{""address_jaccard"": 0.75, ""address_ratio"": 0.9285714285714286, ""basic_ratio"": 0.6896551724137931, ""core_ratio"": 0.7407407407407408, ""exact_basic"": false, ""exact_core"": false, ""multiple_routes"": true, ""number_conflict"": false, ""number_shared"": true, ""postal_conflict"": false, ""postal_shared"": false, ""strong_address_route"": false, ""token_jaccard"": 0.4, ""token_set_ratio"": 0.7777777777777777}"	rare_name_token,address_numeric_route
model_miss	S1-16956022	S2-735479892	S2	Smith, Kimberly, O.D., M.D., P.C.	Smith Kimberly O.D.	7548 Red Cedar Way, Tigard, OR	7548 RED CEDAR WAY, TIGARD, OR	81.5581	"{""address_jaccard"": 1.0, ""address_ratio"": 1.0, ""basic_ratio"": 0.8372093023255813, ""core_ratio"": 0.9, ""exact_basic"": false, ""exact_core"": false, ""multiple_routes"": true, ""number_conflict"": false, ""number_shared"": true, ""postal_conflict"": false, ""postal_shared"": false, ""strong_address_route"": true, ""token_jaccard"": 0.8, ""token_set_ratio"": 1.0}"	rare_name_token,address_numeric_route,strong_address_route
model_miss	S1-668510185	S2-119122486	S2	Kaushal (India) Vincom Limited	Kaushal (India)	5/13 Muktidhamnear Raheja Hospital Mahim, Mumbai, Maharashtra	5/13 MUKTIDHAMNEAR RAHEJA HOSPITAL MAHIM, MUMBAI, Maharashtra	70.8076	"{""address_jaccard"": 1.0, ""address_ratio"": 1.0, ""basic_ratio"": 0.6341463414634146, ""core_ratio"": 0.7878787878787878, ""exact_basic"": false, ""exact_core"": false, ""multiple_routes"": false, ""number_conflict"": false, ""number_shared"": true, ""postal_conflict"": false, ""postal_shared"": false, ""strong_address_route"": false, ""token_jaccard"": 0.6666666666666666, ""token_set_ratio"": 1.0}"	rare_name_token
model_miss	S1-469064391	S3-401073027	S3	Huntsville Vision Silver Clinic Inc	Huntsville Vision Silver Clinic	346 Drury Lane, Huntsville, AL	46 Drury Lane, Huntsville, Alabama	83.0909	"{""address_jaccard"": 0.42857142857142855, ""address_ratio"": 0.9, ""basic_ratio"": 0.9393939393939393, ""core_ratio"": 1.0, ""exact_basic"": false, ""exact_core"": true, ""multiple_routes"": true, ""number_conflict"": true, ""number_shared"": false, ""postal_conflict"": false, ""postal_shared"": false, ""strong_address_route"": false, ""token_jaccard"": 1.0, ""token_set_ratio"": 1.0}"	core_name,rare_name_token
model_miss	S1-862600142	S3-213195926	S3	Pioneer National Vertical Corp	Pioneer National Vrtl Corp	760 Pecan Ridge Circle, Winston-salem, NC	760 Pecan Ridge Circle, Winston-Salem, North Carolina	79.0644	"{""address_jaccard"": 0.6666666666666666, ""address_ratio"": 0.8666666666666667, ""basic_ratio"": 0.9285714285714286, ""core_ratio"": 0.9130434782608696, ""exact_basic"": false, ""exact_core"": false, ""multiple_routes"": true, ""number_conflict"": false, ""number_shared"": true, ""postal_conflict"": false, ""postal_shared"": false, ""strong_address_route"": true, ""token_jaccard"": 0.5, ""token_set_ratio"": 0.9130434782608695}"	address_numeric_route,strong_address_route
model_miss	S1-716674055	S3-602644678	S3	Mountain Animal Hospital LLC	Irijax dba Mountain Animal Hospital LLC	8030 Norman Pointe Drive, Denver, NC	8030 Norman Pointe Drive, Denver, NC	78.0000	"{""address_jaccard"": 1.0, ""address_ratio"": 1.0, ""basic_ratio"": 0.835820895522388, ""core_ratio"": 0.8135593220338984, ""exact_basic"": false, ""exact_core"": false, ""multiple_routes"": true, ""number_conflict"": false, ""number_shared"": true, ""postal_conflict"": false, ""postal_shared"": false, ""strong_address_route"": true, ""token_jaccard"": 0.6, ""token_set_ratio"": 1.0}"	address_numeric_route,strong_address_route
model_miss	S1-891510643	S2-372267949	S2	Sun Sree Investment Private Limited	સન શ્રી ઇન્વેસ્ટમેન્ટ પ્રાઇવેટ લિમિટેડ	636 To 638, Rajhans Texpa, Baleshwar, Palsana, Palsana, Surat, Gujarat	NO D/636 TO 638, RAJHANS TEXPA, BALESHWAR, PALSANA, SURAT, ગુજરાત	13.0649	"{""address_jaccard"": 0.6666666666666666, ""address_ratio"": 0.7903225806451613, ""basic_ratio"": 0.1095890410958904, ""core_ratio"": 0.07017543859649122, ""exact_basic"": false, ""exact_core"": false, ""multiple_routes"": false, ""number_conflict"": false, ""number_shared"": true, ""postal_conflict"": false, ""postal_shared"": false, ""strong_address_route"": true, ""token_jaccard"": 0.0, ""token_set_ratio"": 0.07017543859649124}"	strong_address_route
model_miss	S1-494712366	S2-979988495	S2	Galaxy Indian Technologies Private Limited	PRIVATE GALAXY IDIAN TECHNOLOGIES LIMITED	113, N. S. Road 2Nd Floor, Room No. 25, Kolkata, Kolkata, Howrah, West Bengal	113, N. S. ROAD 2ND FLOOR, ROOM NO. 25, KOLKATA, CALCUTTA, HOWRAH, West Bengal	70.7413	"{""address_jaccard"": 0.9285714285714286, ""address_ratio"": 0.9343065693430657, ""basic_ratio"": 0.7951807228915662, ""core_ratio"": 0.847457627118644, ""exact_basic"": false, ""exact_core"": false, ""multiple_routes"": false, ""number_conflict"": false, ""number_shared"": true, ""postal_conflict"": false, ""postal_shared"": false, ""strong_address_route"": false, ""token_jaccard"": 0.4, ""token_set_ratio"": 0.847457627118644}"	address_numeric_route
model_miss	S1-702311451	S3-350573261	S3	Irvin Ave P.C.	Irvin P.C. Ave	2059 Storm Canyon Road, Winston-salem, NC	059 Storm Canyon Road, Winston-Salem, North Carolina	57.1429	"{""address_jaccard"": 0.5, ""address_ratio"": 0.8539325842696628, ""basic_ratio"": 0.75, ""core_ratio"": 0.8571428571428572, ""exact_basic"": false, ""exact_core"": false, ""multiple_routes"": false, ""number_conflict"": true, ""number_shared"": false, ""postal_conflict"": false, ""postal_shared"": false, ""strong_address_route"": false, ""token_jaccard"": 0.6666666666666666, ""token_set_ratio"": 1.0}"	rare_name_token
blocking_miss	S1-979538641	S2-949400128	S2	Hitech Consultants Private Limited	हाईटेक कंसल्टेंट्स प्राइवेट लिमिटेड	Shop-49, Splendor Plot-52 & 56, Sector-20, Panvel, Raigarh(Mh), Maharashtra	SHOP-49, PANVEL, RAIGARH(MH), महाराष्ट्र		{}	
blocking_miss	S1-495489505	S3-909557500	S3	Balaji Constructions Private Limited	Private Balaji Constructions Ltd	2Nd Floor, Baroda House Behind Dewan Shopping Centre, Jogeswari, - West, Mumbai, Maharashtra	No 2Nd Floor, Baroda House Behind Dewan Shopping Centre, Jogeswari, Mumbai, - West, MH		{}	
blocking_miss	S1-577958094	S3-301473845	S3	Safe Sim Inc	Se Sim Inc	432 Congress Street, Rushville, IL	Congress Street, Rushville, Illinois		{}	
blocking_miss	S1-172705608	S3-27300841	S3	Cooperative Industrial Dynamics, LLC	C0operative Industrial Dynamics,	TX, Bedford, 2517 Durango Ridge Drive	Durango Ridge Drive, Bedford, Texas		{}	
blocking_miss	S1-983729166	S2-776946462	S2	New Logistics Private Limited	New Logistics Private Private Limited | www.newlogist.com	Ambika Vihar Colony Opp. Rameshwar Vidhyapeeth, Foysagar Ro, Ad, Ajmer, Rajasthan	AMBIKA VIHAR COLONY OPP. RAMESHWAR VIDHYAPEETH, FOYSAGAR RO, AD, AJMER, राजस्थान		{}	
blocking_miss	S1-891725616	S2-958752673	S2	Guru Healthcare	गुरु हेल्थकेयर	D-200-201 L.G.F. L/S Neb Sarai, Freedom Fighter Enclave, Delhi, New Delhi, Delhi	SOUTH DELHI, Delhi, FREEDOM FIGHTER ENCLAVE, D-198-201 L.G.F. L/S NEB SARAI		{}	
blocking_miss	S1-869107395	S3-842251934	S3	International Consulting Private Limited	ಇಂಟರ್‌ನ್ಯಾಷನಲ್ ಕನ್ಸಲ್ಟಿಂಗ್ ಪ್ರೈವೇಟ್ ಲಿಮಿಟೆಡ್	273 8Th Main 3Rd Stage 4Th Block Basaveswaranagar, Bangalore, Karnataka	273 8Th Main 3Rd Stage 4Th Block Basaveswaranagar, Bangalore, KA		{}	
blocking_miss	S1-758619374	S2-403674085	S2	Montgomery School of Medicine	>> Montgomery 5chool of Mediime	3327 Lunceford Street, Montgomery, AL	3328 LUNCEFORD ST, MONTGOMERY, AL		{}	
blocking_miss	S1-678973733	S2-239197794	S2	Hari Consultants Private Limited	Hari C0nsultants Private Ltd	319, At-Vairagad Po-Undri, Teh-Chikhali, Buldhana, Maharashtra			{}	
blocking_miss	S1-549981660	S3-8493884	S3	Lotus Industries	लोटस इंडस्ट्रीज	Kannauj, Uttar Pradesh, Kannauj, 0, Bahadurpur Kannauj, Up, C/O Mahesh Kumar	उत्तर प्रदेश, Kannauj, C/o Mahesh Kumar, 0, Bahadurpur Kannauj, Up		{}	
blocking_miss	S1-642287564	S3-504396726	S3	Classic Consulting Private Limited	ક્લાસિક કન્સલ્ટિંગ પ્રાઇવેટ લિમિટેડ	125 Devi Krupa Society Nr. Trimurti Society Main Road Utran, Northsurat, Surat, Gujarat	Door No 125 Devi Krupa Society Nr. Trimurti Society Main Road Utran, Northsurat, Surat, GJ		{}	
blocking_miss	S1-318647701	S2-71525659	S2	# 7 NA Hawaii Inc	# 7 NA Hawaii Ínc	7725 Lower Buckeye Rd, Unit 1079, Phoenix, AZ	LOWER BUCKEYE RD, PHOENIX CITY, AZ		{}	
blocking_miss	S1-828031105	S3-697771938	S3	Pediatric Trusted Health	Pediatric Health Services	34 Woodland Avenue, Binghamton, NY	34 Woodland Ave, Binghamton, New York		{}	
blocking_miss	S1-68315901	S2-665016167	S2	Lindsey Madison	Lindsey Madsino	3688 Spinnaker Bay Drive, Saratoga Springs, UT	3828-B SPINNAKER BAY DRIVE, SARATOGA SPRINGS, UT		{}	
blocking_miss	S1-717812009	S2-692850169	S2	Cinnamon & Brothers Limited	M/s Nexumbra	7/1A, Grant Lane, 4Th Floor, Room No. - 4H, Kolkata, Kolkata, Howrah, West Bengal	7/1A, HOWRAH, KOLKATA, West Bengal		{}	
blocking_miss	S1-644065559	S2-320971279	S2	Sai Smart Care Private Limited	साईं स्मार्ट केयर प्राइवेट लिमिटेड	765, Katra Neel, Chandni Chowk, New Delhi, Delhi	76, Delhi, CHANDNI CHOWK, NORTH DELHI		{}	
blocking_miss	S1-383753622	S2-800092828	S2	Mercator	Mércator	9440 Baker Street, Tucson, AZ			{}	
blocking_miss	S1-549673702	S3-222021319	S3	Pansy Information Private Limited	pansyinformation.com	Gujarat, E101, Ahmedabad, Kailash Royal, Near Devarshi Shine Village Muthiya, Ahmedabad	E101, Kailash Royal, Near Devarshi Shine Village Muthiya, Ahmedabad, ગુજરાત		{}	
blocking_miss	S1-899866418	S2-50346790	S2	Vijay Builders LLP	विजय बिल्डर्स एलएलपी	Jayshakar Nagar Gurukul, Agra, Uttar Pradesh	Uttar Pradesh, AGRA, JAYSHAKAR NAGAR GURUKUL, AGRA		{}	
blocking_miss	S1-999693758	S3-482696871	S3	Steady Industries Private Limited	Smt 5teady Industries Private Limited	Plot No.Oz-14, Oragadam Growth Centre Hi Tech Sez, Sipcot Industrial Growth Ce, Ntre, Oragadam, Tamil Nadu	Plot No.oz-#14, Ntre, TN		{}	
singleton_false_merge	S1-485670625	S2-911268966	S2	Mount Ministries LLC	Mount Ministries LLC	8530 Echo Lane, Peoria, AZ	16028 EIGER COURT, CHINO HILLS, CA	97.0000	"{""address_jaccard"": 0.0, ""address_ratio"": 0.3928571428571429, ""basic_ratio"": 1.0, ""core_ratio"": 1.0, ""exact_basic"": true, ""exact_core"": true, ""multiple_routes"": true, ""number_conflict"": false, ""number_shared"": false, ""postal_conflict"": false, ""postal_shared"": false, ""strong_address_route"": false, ""token_jaccard"": 1.0, ""token_set_ratio"": 1.0}"	exact_name,core_name
singleton_false_merge	S1-646772942	S2-94170980	S2	Economic Development Fellowship	Economic Development-Fellowship	16904 Ozark Trail, Sapulpa, OK	2485 SWMP PIKE, NEW HANOVER TOWNSHIP, PA	97.0000	"{""address_jaccard"": 0.0, ""address_ratio"": 0.303030303030303, ""basic_ratio"": 1.0, ""core_ratio"": 1.0, ""exact_basic"": true, ""exact_core"": true, ""multiple_routes"": true, ""number_conflict"": false, ""number_shared"": false, ""postal_conflict"": false, ""postal_shared"": false, ""strong_address_route"": false, ""token_jaccard"": 1.0, ""token_set_ratio"": 1.0}"	exact_name,core_name
singleton_false_merge	S1-236473599	S3-865843974	S3	24HR Fitness	24hr Fitness	626 6426, Palestine, TX	Virginia, Hollywood Avenue, Haampton	97.0000	"{""address_jaccard"": 0.0, ""address_ratio"": 0.2909090909090909, ""basic_ratio"": 1.0, ""core_ratio"": 1.0, ""exact_basic"": true, ""exact_core"": true, ""multiple_routes"": true, ""number_conflict"": false, ""number_shared"": false, ""postal_conflict"": false, ""postal_shared"": false, ""strong_address_route"": false, ""token_jaccard"": 1.0, ""token_set_ratio"": 1.0}"	exact_name,core_name,rare_name_token
singleton_false_merge	S1-885339282	S2-911917920	S2	Osprey Inc	osprey, inc	409 Snure Street, MN, Lakefield	20524  CARRIAGE WAY, QUEEN CREEK, AZ	95.0000	"{""address_jaccard"": 0.0, ""address_ratio"": 0.3548387096774194, ""basic_ratio"": 1.0, ""core_ratio"": 1.0, ""exact_basic"": true, ""exact_core"": true, ""multiple_routes"": false, ""number_conflict"": false, ""number_shared"": false, ""postal_conflict"": false, ""postal_shared"": false, ""strong_address_route"": false, ""token_jaccard"": 1.0, ""token_set_ratio"": 1.0}"	exact_name
singleton_false_merge	S1-436065257	S3-257472327	S3	Dental Care LLC	Dental-Care [L.L.C.]	3752 Doug Court, Monticello, IN	Independence Dr, Frankklin, Tennessee	97.0000	"{""address_jaccard"": 0.0, ""address_ratio"": 0.25, ""basic_ratio"": 1.0, ""core_ratio"": 1.0, ""exact_basic"": true, ""exact_core"": true, ""multiple_routes"": true, ""number_conflict"": false, ""number_shared"": false, ""postal_conflict"": false, ""postal_shared"": false, ""strong_address_route"": false, ""token_jaccard"": 1.0, ""token_set_ratio"": 1.0}"	exact_name,core_name
singleton_false_merge	S1-170396106	S3-319728072	S3	Morgan PC	Morgan Corp	9296 865, Princeton, TX	9297 865, Princeton, Texas	96.0000	"{""address_jaccard"": 0.3333333333333333, ""address_ratio"": 0.8888888888888888, ""basic_ratio"": 0.8, ""core_ratio"": 1.0, ""exact_basic"": false, ""exact_core"": true, ""multiple_routes"": true, ""number_conflict"": false, ""number_shared"": true, ""postal_conflict"": false, ""postal_shared"": false, ""strong_address_route"": false, ""token_jaccard"": 1.0, ""token_set_ratio"": 1.0}"	core_name,address_numeric_route
singleton_false_merge	S1-798392674	S2-146437532	S2	Global Association	Global-Association	TX, 5051 Road 5913-09, Cleveland	WANDERING GLEN LN, KATY, TX	97.0000	"{""address_jaccard"": 0.1, ""address_ratio"": 0.2545454545454545, ""basic_ratio"": 1.0, ""core_ratio"": 1.0, ""exact_basic"": true, ""exact_core"": true, ""multiple_routes"": true, ""number_conflict"": false, ""number_shared"": false, ""postal_conflict"": false, ""postal_shared"": false, ""strong_address_route"": false, ""token_jaccard"": 1.0, ""token_set_ratio"": 1.0}"	exact_name,core_name
singleton_false_merge	S1-428182717	S2-908581482	S2	Rev It Up Barbershop	REV IT UP (BARBERSHOP)	12314 Foxburo Drive, Houston, TX	439 WASHINGTON ST, SHELBYVILLE, IN	97.0000	"{""address_jaccard"": 0.0, ""address_ratio"": 0.25806451612903225, ""basic_ratio"": 1.0, ""core_ratio"": 1.0, ""exact_basic"": true, ""exact_core"": true, ""multiple_routes"": true, ""number_conflict"": false, ""number_shared"": false, ""postal_conflict"": false, ""postal_shared"": false, ""strong_address_route"": false, ""token_jaccard"": 1.0, ""token_set_ratio"": 1.0}"	exact_name,core_name
singleton_false_merge	S1-383710152	S2-692905444	S2	Harbor Federation	Harbor Federation	98433 Robin Lane, Brookings, OR	3S 101 HOME AVE, WARRENVILLE, IL	97.0000	"{""address_jaccard"": 0.0, ""address_ratio"": 0.33898305084745756, ""basic_ratio"": 1.0, ""core_ratio"": 1.0, ""exact_basic"": true, ""exact_core"": true, ""multiple_routes"": true, ""number_conflict"": false, ""number_shared"": false, ""postal_conflict"": false, ""postal_shared"": false, ""strong_address_route"": false, ""token_jaccard"": 1.0, ""token_set_ratio"": 1.0}"	exact_name,core_name
singleton_false_merge	S1-947879766	S3-575215736	S3	Holy Cathedral	Holy Cathedral	31555 Arc Loop Road, Kenai Peninsula Borough, AK	6722 Parkwood Street, Hyattsville, Maryland	97.0000	"{""address_jaccard"": 0.0, ""address_ratio"": 0.3218390804597702, ""basic_ratio"": 1.0, ""core_ratio"": 1.0, ""exact_basic"": true, ""exact_core"": true, ""multiple_routes"": true, ""number_conflict"": false, ""number_shared"": false, ""postal_conflict"": false, ""postal_shared"": false, ""strong_address_route"": false, ""token_jaccard"": 1.0, ""token_set_ratio"": 1.0}"	exact_name,core_name,rare_name_token
singleton_false_merge	S1-591532868	S2-129415035	S2	Behavioral Health Care	Behavioral Health Care	6812 Magnolia Court, Brookings, OR	ELMIRA, NULL, 00154 A, NY	97.0000	"{""address_jaccard"": 0.0, ""address_ratio"": 0.2592592592592593, ""basic_ratio"": 1.0, ""core_ratio"": 1.0, ""exact_basic"": true, ""exact_core"": true, ""multiple_routes"": true, ""number_conflict"": false, ""number_shared"": false, ""postal_conflict"": false, ""postal_shared"": false, ""strong_address_route"": false, ""token_jaccard"": 1.0, ""token_set_ratio"": 1.0}"	exact_name,core_name
singleton_false_merge	S1-5373801	S3-207408149	S3	Anchor, LLC	Anchor [LLC]	2816 Cottonwood Road, Harrison, AR	Indiana, Indianapolis, King Arthur Dr, Unit APT F	95.0000	"{""address_jaccard"": 0.0, ""address_ratio"": 0.28205128205128205, ""basic_ratio"": 1.0, ""core_ratio"": 1.0, ""exact_basic"": true, ""exact_core"": true, ""multiple_routes"": false, ""number_conflict"": false, ""number_shared"": false, ""postal_conflict"": false, ""postal_shared"": false, ""strong_address_route"": false, ""token_jaccard"": 1.0, ""token_set_ratio"": 1.0}"	exact_name
singleton_false_merge	S1-861403505	S3-268716263	S3	Ear Nose & Throat Clinic Inc	Ear Nose & Throat Clinic (Inc.)	275 Wharff Road, Guilford, ME	10761 Alabama St, Crown Point, Indiana	97.0000	"{""address_jaccard"": 0.0, ""address_ratio"": 0.2857142857142857, ""basic_ratio"": 1.0, ""core_ratio"": 1.0, ""exact_basic"": true, ""exact_core"": true, ""multiple_routes"": true, ""number_conflict"": false, ""number_shared"": false, ""postal_conflict"": false, ""postal_shared"": false, ""strong_address_route"": false, ""token_jaccard"": 1.0, ""token_set_ratio"": 1.0}"	exact_name,core_name
singleton_false_merge	S1-5373801	S2-2870804	S2	Anchor, LLC	Anchor Llc	2816 Cottonwood Road, Harrison, AR		95.0000	"{""address_jaccard"": 0.0, ""address_ratio"": 0.0, ""basic_ratio"": 1.0, ""core_ratio"": 1.0, ""exact_basic"": true, ""exact_core"": true, ""multiple_routes"": false, ""number_conflict"": false, ""number_shared"": false, ""postal_conflict"": false, ""postal_shared"": false, ""strong_address_route"": false, ""token_jaccard"": 1.0, ""token_set_ratio"": 1.0}"	exact_name
singleton_false_merge	S1-834620376	S3-68690985	S3	Rocky Fund	Rocky  Fund	4257 Woodland Court, Town Of Jackson, WI	Lydia Lane, St Paul, Missouri	97.0000	"{""address_jaccard"": 0.0, ""address_ratio"": 0.3384615384615385, ""basic_ratio"": 1.0, ""core_ratio"": 1.0, ""exact_basic"": true, ""exact_core"": true, ""multiple_routes"": true, ""number_conflict"": false, ""number_shared"": false, ""postal_conflict"": false, ""postal_shared"": false, ""strong_address_route"": false, ""token_jaccard"": 1.0, ""token_set_ratio"": 1.0}"	exact_name,core_name
singleton_false_merge	S1-296078043	S3-805441319	S3	Granite LLC	granite, llc	188 170, Beauregard, AL	Everson, 04006 Deming Road, Washington	95.0000	"{""address_jaccard"": 0.0, ""address_ratio"": 0.3157894736842105, ""basic_ratio"": 1.0, ""core_ratio"": 1.0, ""exact_basic"": true, ""exact_core"": true, ""multiple_routes"": false, ""number_conflict"": false, ""number_shared"": false, ""postal_conflict"": false, ""postal_shared"": false, ""strong_address_route"": false, ""token_jaccard"": 1.0, ""token_set_ratio"": 1.0}"	exact_name
singleton_false_merge	S1-702361351	S2-440188325	S2	National Charities	National-Charities	1523 Burns Avenue, East Ridge, TN		97.0000	"{""address_jaccard"": 0.0, ""address_ratio"": 0.0, ""basic_ratio"": 1.0, ""core_ratio"": 1.0, ""exact_basic"": true, ""exact_core"": true, ""multiple_routes"": true, ""number_conflict"": false, ""number_shared"": false, ""postal_conflict"": false, ""postal_shared"": false, ""strong_address_route"": false, ""token_jaccard"": 1.0, ""token_set_ratio"": 1.0}"	exact_name,core_name
singleton_false_merge	S1-714426607	S2-841334191	S2	24HR Homecare	24HR HOMECARE	1345 17th Street, Gering, NE	FRISCO ST, BOYNTON, OK	97.0000	"{""address_jaccard"": 0.0, ""address_ratio"": 0.26086956521739135, ""basic_ratio"": 1.0, ""core_ratio"": 1.0, ""exact_basic"": true, ""exact_core"": true, ""multiple_routes"": true, ""number_conflict"": false, ""number_shared"": false, ""postal_conflict"": false, ""postal_shared"": false, ""strong_address_route"": false, ""token_jaccard"": 1.0, ""token_set_ratio"": 1.0}"	exact_name,core_name,rare_name_token
singleton_false_merge	S1-954706734	S3-865894863	S3	Urgent Care Associates LLC	Urgent Care Associates,  LLC	299 Melin Avenue, Ben Lomond, CA		97.0000	"{""address_jaccard"": 0.0, ""address_ratio"": 0.0, ""basic_ratio"": 1.0, ""core_ratio"": 1.0, ""exact_basic"": true, ""exact_core"": true, ""multiple_routes"": true, ""number_conflict"": false, ""number_shared"": false, ""postal_conflict"": false, ""postal_shared"": false, ""strong_address_route"": false, ""token_jaccard"": 1.0, ""token_set_ratio"": 1.0}"	exact_name,core_name
singleton_false_merge	S1-329855302	S3-276932006	S3	Surgical Associates LLC	Surgical Associates (LLC)	10250 Red Rose Drive, Wadsworth Township, OH	##793 Northfield Road, Bedfodr, Ohio	97.0000	"{""address_jaccard"": 0.0, ""address_ratio"": 0.45945945945945943, ""basic_ratio"": 1.0, ""core_ratio"": 1.0, ""exact_basic"": true, ""exact_core"": true, ""multiple_routes"": true, ""number_conflict"": false, ""number_shared"": false, ""postal_conflict"": false, ""postal_shared"": false, ""strong_address_route"": false, ""token_jaccard"": 1.0, ""token_set_ratio"": 1.0}"	exact_name,core_name
linked_predicted_singleton	S1-768424532	S3-563925934	S3	Trusted Lodging LLC	Synvio formerly Trusted Lodging LLC	7140 Monte Vista Road, Phoenix, AZ	7140 Monte Vista Road, Phoenix, AZ	78.0000	"{""address_jaccard"": 1.0, ""address_ratio"": 1.0, ""basic_ratio"": 0.7037037037037037, ""core_ratio"": 0.6521739130434783, ""exact_basic"": false, ""exact_core"": false, ""multiple_routes"": true, ""number_conflict"": false, ""number_shared"": true, ""postal_conflict"": false, ""postal_shared"": false, ""strong_address_route"": true, ""token_jaccard"": 0.5, ""token_set_ratio"": 1.0}"	address_numeric_route,strong_address_route
linked_predicted_singleton	S1-780754274	S2-435604470	S2	Krishna Great Investment Private Limited	KRI5HNA INVESTMENT GREAT PRIVATE [LIMITED]	Plot No.1661, First Floor, Lig- I, Tnhb Colony Velacherry, Chennai, Tamil Nadu	PLOT NO.166 , FIRST FLOOR, LIG- I, TNHB COLONY VELACHERRY, CHENNAI, தமிழ்நாடு		{}	
linked_predicted_singleton	S1-332330053	S2-939356210	S2	QCC Anchor Atlanticus	QCC Ánchor Atlanticus	Sand Springs, 1115 Maple Avenue, OK	1111- MAPLE AVENUE, SAND SPRINGS, OK	59.3393	"{""address_jaccard"": 0.7142857142857143, ""address_ratio"": 0.5757575757575757, ""basic_ratio"": 0.9523809523809522, ""core_ratio"": 0.9523809523809522, ""exact_basic"": false, ""exact_core"": false, ""multiple_routes"": false, ""number_conflict"": true, ""number_shared"": false, ""postal_conflict"": false, ""postal_shared"": false, ""strong_address_route"": false, ""token_jaccard"": 0.5, ""token_set_ratio"": 0.9523809523809524}"	rare_name_token
linked_predicted_singleton	S1-668327534	S2-624239785	S2	NT Preferred Internet LLC	NT  Internet LLC Center	89 8092, Concho, AZ	8092, APACHE COUNTY, AZ	46.1094	"{""address_jaccard"": 0.3333333333333333, ""address_ratio"": 0.5789473684210527, ""basic_ratio"": 0.6382978723404256, ""core_ratio"": 0.5116279069767442, ""exact_basic"": false, ""exact_core"": false, ""multiple_routes"": false, ""number_conflict"": false, ""number_shared"": true, ""postal_conflict"": false, ""postal_shared"": false, ""strong_address_route"": false, ""token_jaccard"": 0.4, ""token_set_ratio"": 0.6976744186046511}"	address_numeric_route
linked_predicted_singleton	S1-330835382	S2-819511882	S2	Marice's Valley Salon	Salon Valley Marice's	Town Of Osceola, 947 230th Street, WI	947 230TH STREET, N/A, TOWN OF OSCEOLA, WI	58.7500	"{""address_jaccard"": 0.7777777777777778, ""address_ratio"": 0.5135135135135135, ""basic_ratio"": 0.5, ""core_ratio"": 0.5, ""exact_basic"": false, ""exact_core"": false, ""multiple_routes"": true, ""number_conflict"": false, ""number_shared"": true, ""postal_conflict"": false, ""postal_shared"": false, ""strong_address_route"": true, ""token_jaccard"": 1.0, ""token_set_ratio"": 1.0}"	rare_name_token,address_numeric_route,strong_address_route
linked_predicted_singleton	S1-293169282	S3-849991327	S3	3624 Sunset Court Realty Inc.	Inc. 3624 Sunset Realty Court	4 Everett Lane, Foxborough, MA	4 Everett Ln, Foxborough, Massachusetts	69.9258	"{""address_jaccard"": 0.6666666666666666, ""address_ratio"": 0.8, ""basic_ratio"": 0.7142857142857143, ""core_ratio"": 0.6923076923076923, ""exact_basic"": false, ""exact_core"": false, ""multiple_routes"": false, ""number_conflict"": false, ""number_shared"": true, ""postal_conflict"": false, ""postal_shared"": false, ""strong_address_route"": false, ""token_jaccard"": 0.8, ""token_set_ratio"": 1.0}"	rare_name_token
linked_predicted_singleton	S1-894708431	S2-707593955	S2	A/E Blackstone Inc.	A/E Blackstone	809 Coolidge Street, Unit APT 433, Great Bend, KS	0809 Coolidge Street, GREAT BEND, KS	80.1250	"{""address_jaccard"": 0.5, ""address_ratio"": 0.825, ""basic_ratio"": 0.875, ""core_ratio"": 1.0, ""exact_basic"": false, ""exact_core"": true, ""multiple_routes"": false, ""number_conflict"": true, ""number_shared"": false, ""postal_conflict"": false, ""postal_shared"": false, ""strong_address_route"": false, ""token_jaccard"": 1.0, ""token_set_ratio"": 1.0}"	core_name
linked_predicted_singleton	S1-725146222	S3-942160008	S3	Sanchar Estate Private Limited	Sanchar Estate Píhite Limited	H. No. 51, Top Floor, Block No. A 4 Paschim Vihar, New Delhi, West Delhi, Delhi	H. No. 51, Top Floor, Block No. A 4 Paschim Vihar, New Delhi, DL	77.4788	"{""address_jaccard"": 0.8571428571428571, ""address_ratio"": 0.890625, ""basic_ratio"": 0.9152542372881356, ""core_ratio"": 0.8, ""exact_basic"": false, ""exact_core"": false, ""multiple_routes"": true, ""number_conflict"": false, ""number_shared"": true, ""postal_conflict"": false, ""postal_shared"": false, ""strong_address_route"": false, ""token_jaccard"": 0.6666666666666666, ""token_set_ratio"": 1.0}"	rare_name_token,address_numeric_route
linked_predicted_singleton	S1-359251345	S2-602119620	S2	Irene Selph Drugs PLLC	ireneselphdrugs.com	16412 Kramer Estate Drive, Prince William County, VA	16412- KRAMER ESTATE DRIVE, PRINCE WILLIAM COUNTY, VA	62.5732	"{""address_jaccard"": 1.0, ""address_ratio"": 1.0, ""basic_ratio"": 0.8292682926829268, ""core_ratio"": 0.8292682926829268, ""exact_basic"": false, ""exact_core"": false, ""multiple_routes"": false, ""number_conflict"": false, ""number_shared"": false, ""postal_conflict"": false, ""postal_shared"": true, ""strong_address_route"": true, ""token_jaccard"": 0.0, ""token_set_ratio"": 0.5365853658536586}"	strong_address_route
linked_predicted_singleton	S1-175677330	S2-635931008	S2	Suncity Engineering Private Limited	Suncity Engineering Prívate Limited	26, Jawaharlal Nehru Road, 5Th Floor, Suite No. 4, Kolkata, Kolkata, Howrah, West Bengal	26, JAWAHARLAL NEHRU ROAD, 5TH FLOOR, SUITE NO. 4, KOLKATA, KOLKATA, West Bengal	79.2997	"{""address_jaccard"": 0.9230769230769231, ""address_ratio"": 0.954248366013072, ""basic_ratio"": 0.9714285714285714, ""core_ratio"": 0.826086956521739, ""exact_basic"": false, ""exact_core"": false, ""multiple_routes"": true, ""number_conflict"": false, ""number_shared"": true, ""postal_conflict"": false, ""postal_shared"": false, ""strong_address_route"": false, ""token_jaccard"": 0.6666666666666666, ""token_set_ratio"": 1.0}"	rare_name_token,address_numeric_route
linked_predicted_singleton	S1-462320600	S2-772272158	S2	Kottayam Developers Private Limited	Private Kottayam Developers Limited	C/O Joy Joseph, Flat No. F Jewel Sonata Melody, Muttambalam P O, Kottayam, Kerala	HN 00245 C/O JOY JOSEPH, FLAT NO. F JEWEL SONATA MELODY, MUTTAMBALAM P O, KOTTAYAM, Kerala	69.2997	"{""address_jaccard"": 0.875, ""address_ratio"": 0.9440993788819876, ""basic_ratio"": 0.7714285714285716, ""core_ratio"": 0.826086956521739, ""exact_basic"": false, ""exact_core"": false, ""multiple_routes"": false, ""number_conflict"": false, ""number_shared"": false, ""postal_conflict"": false, ""postal_shared"": false, ""strong_address_route"": false, ""token_jaccard"": 0.6666666666666666, ""token_set_ratio"": 1.0}"	rare_name_token
linked_predicted_singleton	S1-587252920	S3-558067922	S3	Suyojit (India) Granites Private Limited	Mr sigranites.com	Uttar Pradesh, Plot No 8, Dadri, Gautam Buddha Nagar, Sector 125, Noida	8, Sector 125, Noida, Dadri, Gautam Buddha Nagar, UP		{}	
linked_predicted_singleton	S1-177545401	S2-732836507	S2	Williams Ethereum PLLC	Williams Ethereum	210 13th Street, Mannsville, OK			{}	
linked_predicted_singleton	S1-663524688	S2-790589676	S2	Shandilya Agro Private Limited	Dr Shandilya Agro Private	Second Floor, Apex Tower, Plot No.3, Sector-A, Pocket-Ii, Vasant Kunj, New Delhi, New Delhi, Delhi	SECOND FLOOR, APEX TOWER, PLOT NO.3, SECTOR-A, PCCKET-II, VASANT KUNJ, NEW DELHI, NEW DELHI, Delhi	77.6210	"{""address_jaccard"": 0.875, ""address_ratio"": 0.9888888888888888, ""basic_ratio"": 0.8, ""core_ratio"": 0.9032258064516128, ""exact_basic"": false, ""exact_core"": false, ""multiple_routes"": false, ""number_conflict"": false, ""number_shared"": true, ""postal_conflict"": false, ""postal_shared"": false, ""strong_address_route"": false, ""token_jaccard"": 0.6666666666666666, ""token_set_ratio"": 1.0}"	rare_name_token
linked_predicted_singleton	S1-933446694	S3-423285185	S3	Dimartino Empire Spac PLLC	Dimartino Empire Spac	54 Main Street, Stockbridge, MA	54 Main Street, Stockbridge, Massachusetts	81.6024	"{""address_jaccard"": 0.6666666666666666, ""address_ratio"": 0.8405797101449275, ""basic_ratio"": 0.8936170212765957, ""core_ratio"": 0.8936170212765957, ""exact_basic"": false, ""exact_core"": false, ""multiple_routes"": true, ""number_conflict"": false, ""number_shared"": true, ""postal_conflict"": false, ""postal_shared"": false, ""strong_address_route"": false, ""token_jaccard"": 0.75, ""token_set_ratio"": 1.0}"	rare_name_token,address_numeric_route
linked_predicted_singleton	S1-815151995	S3-987802407	S3	International Energy Global LLC	@internationalenergy	344 Race Track Road, Prosperity, WV	Prosperity CITY, 344D Race Track Road, West Virginia		{}	
linked_predicted_singleton	S1-119503726	S2-6970846	S2	Crystal Wellness Worldwide	Crystal-Wellness Worldwide | www.crystalwe.com	18 Ashland Avenue, Unit Apartment 2, Buffalo, NY	#18 ASHLAND AVENUE, BUFFALO, NY	63.8750	"{""address_jaccard"": 0.625, ""address_ratio"": 0.7671232876712328, ""basic_ratio"": 0.7428571428571429, ""core_ratio"": 0.7428571428571429, ""exact_basic"": false, ""exact_core"": false, ""multiple_routes"": false, ""number_conflict"": false, ""number_shared"": true, ""postal_conflict"": false, ""postal_shared"": false, ""strong_address_route"": false, ""token_jaccard"": 0.5, ""token_set_ratio"": 1.0}"	address_numeric_route
linked_predicted_singleton	S1-731512735	S3-64967434	S3	Amiya Works (India) Private Limited	Amiya  Works (India) Private Limited (ID: 98674)	A-104 L Ground Floor, Amar Colony Lajpat Nagar, New Delhi, South Delhi, Delhi	A-d/104 L Ground Floor, South Delhi, New Delhi, DL, Amar Colony Lajpat Nagar	60.8816	"{""address_jaccard"": 0.8571428571428571, ""address_ratio"": 0.6206896551724138, ""basic_ratio"": 0.88, ""core_ratio"": 0.576271186440678, ""exact_basic"": false, ""exact_core"": false, ""multiple_routes"": true, ""number_conflict"": false, ""number_shared"": true, ""postal_conflict"": false, ""postal_shared"": false, ""strong_address_route"": false, ""token_jaccard"": 0.42857142857142855, ""token_set_ratio"": 1.0}"	rare_name_token,address_numeric_route
linked_predicted_singleton	S1-493728240	S3-993484296	S3	Kinnard, Quinones and Simard	kinnardquin0nessimard.com	263 Timberline Drive, Victoria, TX	263 Timberline Drive, Victoria, Texas	78.0000	"{""address_jaccard"": 0.6666666666666666, ""address_ratio"": 0.9552238805970148, ""basic_ratio"": 0.7692307692307692, ""core_ratio"": 0.7692307692307692, ""exact_basic"": false, ""exact_core"": false, ""multiple_routes"": false, ""number_conflict"": false, ""number_shared"": true, ""postal_conflict"": false, ""postal_shared"": false, ""strong_address_route"": true, ""token_jaccard"": 0.0, ""token_set_ratio"": 0.8076923076923077}"	strong_address_route
linked_predicted_singleton	S1-617652047	S2-680767056	S2	American Regional Championsgate LLC	Jaxavimira	1141 198, Middleburg, KY	1141 198, MIDDLEBURG, KY		{}	
